{
  "MatrixFactorization": {
    "recall@10": 0.014052143947738968,
    "ndcg@10": 0.043802331366660556,
    "precision@10": 0.04220122658710325,
    "recall@20": 0.02681960035889003,
    "ndcg@20": 0.04518490375419961,
    "training_time": 7.841867446899414,
    "eval_time": 7.7643141746521,
    "total_time": 15.606240034103394
  },
  "ContrastiveAttention": {
    "recall@10": 0.03804625548062266,
    "ndcg@10": 0.1002039152283745,
    "precision@10": 0.08629206033482795,
    "recall@20": 0.06319125086367917,
    "ndcg@20": 0.09646257646974497,
    "training_time": 95.57213020324707,
    "eval_time": 50.43993139266968,
    "total_time": 146.01218342781067
  }
}