{
  "MatrixFactorization": {
    "recall@10": 0.014052143947738968,
    "ndcg@10": 0.043802331366660556,
    "precision@10": 0.04220122658710325,
    "recall@20": 0.02681960035889003,
    "ndcg@20": 0.04518490375419961,
    "training_time": 8.094703197479248,
    "eval_time": 9.013136625289917,
    "total_time": 17.10792326927185
  },
  "ContrastiveAttention": {
    "recall@10": 0.038201132691866896,
    "ndcg@10": 0.09398235135041498,
    "precision@10": 0.08067296535720449,
    "recall@20": 0.05992877823591897,
    "ndcg@20": 0.08965399015557696,
    "training_time": 276.73719024658203,
    "eval_time": 49.836233377456665,
    "total_time": 326.57359313964844
  }
}