{
  "MatrixFactorization": {
    "recall@10": 0.014052143947738968,
    "ndcg@10": 0.043802331366660556,
    "precision@10": 0.04220122658710325,
    "recall@20": 0.02681960035889003,
    "ndcg@20": 0.04518490375419961,
    "training_time": 7.964647054672241,
    "eval_time": 7.726123332977295,
    "total_time": 15.690799236297607
  },
  "ContrastiveAttention": {
    "recall@10": 0.03772759185013562,
    "ndcg@10": 0.09595848026325232,
    "precision@10": 0.08259572352063917,
    "recall@20": 0.0603618386482595,
    "ndcg@20": 0.09219396565921482,
    "training_time": 275.34000062942505,
    "eval_time": 45.214438676834106,
    "total_time": 320.55454182624817
  }
}