{
  "MatrixFactorization": {
    "recall@10": 0.014052143947738968,
    "ndcg@10": 0.043802331366660556,
    "precision@10": 0.04220122658710325,
    "recall@20": 0.02681960035889003,
    "ndcg@20": 0.04518490375419961,
    "training_time": 7.8083579540252686,
    "eval_time": 7.79116415977478,
    "total_time": 15.59961748123169
  },
  "ContrastiveAttention": {
    "recall@10": 0.036604575404291274,
    "ndcg@10": 0.09043370501953923,
    "precision@10": 0.07750704458810116,
    "recall@20": 0.05892232125045285,
    "ndcg@20": 0.08727708559334137,
    "training_time": 98.65357637405396,
    "eval_time": 45.13284993171692,
    "total_time": 143.78655552864075
  }
}