{
  "MatrixFactorization": {
    "recall@10": 0.014052143947738968,
    "ndcg@10": 0.043802331366660556,
    "precision@10": 0.04220122658710325,
    "recall@20": 0.02681960035889003,
    "ndcg@20": 0.04518490375419961,
    "training_time": 7.662143230438232,
    "eval_time": 7.939917802810669,
    "total_time": 15.602128505706787
  },
  "AttentionRecommender": {
    "recall@10": 0.014735345555437157,
    "ndcg@10": 0.03401725011064027,
    "precision@10": 0.032454831758659965,
    "recall@20": 0.028503105236664317,
    "ndcg@20": 0.03705244516388562,
    "training_time": 433.229243516922,
    "eval_time": 70.98602271080017,
    "total_time": 504.2153522968292
  }
}